Model Name,Vocabulary Size,Correct,Non Guessed,Accuracy
word2vec-google-news-300,3000000,70,79,0.8860759493670886
glove-twitter-100,1193514,38,76,0.5
glove-wiki-gigaword-100,400000,64,79,0.810126582278481
glove-twitter-25,1193514,34,76,0.4473684210526316
glove-twitter-50,1193514,37,76,0.4868421052631579
